#  STRING NAME (do not change!);English;French;Italian;Spanish;German;Polish;Portugese;Russian;;Extra2;X
##;;;;;;;;;;;X
# Countries!;;;;;;;;;;;X
##;;;;;;;;;;;X
AFG;Afghanistan;Afghanistan;Afghanistan;Afganistán;Afghanistan;Afganistan;;Àôãàíèñòàí;;;X
ALB;Albania;Albanie;Albania;Albania;Albanien;Albania;;Àëáàíèÿ;;;X
ALG;Algeria;Algérie;Algeria;Argelia;Algerien;Algieria;;Àëæèð;;;X
ALI;Alien Invaders;Envahisseurs aliens;Invasori Alieni;Invasores extranjeros;Außerirdische Invasoren;Obcy NajeŸdŸcy;;Èíîïëàíåòíûå çàõâàò÷èêè;;;X
ALS;United Nations;United Nations;United Nations;United Nations;United Nations;United Nations;;United Nations;;;X
ANG;Angola;Angola;Angola;Angola;Angola;Angola;;Àíãîëà;;;X
ARA;Arab Federation;Fédération arabe;Federazione araba;Federación Árabe;Arabische Liga;Federacja Arabska;;Àðàáñêàÿ ôåäåðàöèÿ;;;X
ARG;Argentina;Argentine;Argentina;Argentina;Argentinien;Argentyna;;Àðãåíòèíà;;;X
ARM;Armenia;Arménie;Armenia;Armenia;Armenien;Armenia;;Àðìåíèÿ;;;X
AST;Australia;Australie;Australia;Australia;Australien;Australia;;Àâñòðàëèÿ;;;X
AUS;Austria;Autriche;Austria;Austria;Österreich;Austria;;Àâñòðèÿ;;;X
AXI;The Axis;L'Axe;L'Asse;El Eje;Die Achsenmächte;Pañstwa Osi;;Îñü;;;X
AZB;Azerbaijan;Azerbaïdjan;Azerbaigian;Azerbaiyán;Aserbaidschan;Azerbejd¿an;;Àçåðáàéäæàí;;;X
BEL;Belgium;Belgique;Belgio;Bélgica;Belgien;Belgia;;Áåëüãèÿ;;;X
BEN;Benin-Sahel;Bénin-Sahel;Benin-Sahel;Benin-Sahel;Benin-Sahel;Benin-Sahel;;Áåíèí;;;X
BHU;Bhutan;Bhoutan;Bhutan;Bután;Bhutan;Bhutan;;Áóòàí;;;X
BLR;Byelorussia;Biélorussie;Bielorussia;Bielorrusia;Belarus;Bia³oruœ;;Áåëàðóñü;;;X
BOL;Bolivia;Bolivie;Bolivia;Bolivia;Bolivien;Boliwia;;Áîëèâèÿ;;;X
BOS;Bosnia;Bosnie;Bosnia;Bosnia;Bosnien;Boœnia;;Áîñíèÿ;;;X
BRA;Brazil;Brésil;Brasile;Brasil;Brasilien;Brazylia;;Áðàçèëèÿ;;;X
BRU;Brunei;Bruneï;Brunei;Brunei;Brunei;Brunei;;Áðóíåé;;;X
BUL;Bulgaria;Bulgarie;Bulgaria;Bulgaria;Bulgarien;Bu³garia;;Áîëãàðèÿ;;;X
BUR;Burma;Birmanie;Birmania;Birmania;Burma;Birma;;Áèðìà;;;X
CAL;California;Californie;California;California;Kalifornien;Kalifornia;;Êàëèôîðíèÿ;;;X
CAM;Cameroon;Cameroun;Camerun;Camerún;Kamerun;Kamerun;;Êàìåðóí;;;X
CAN;Canada;Canada;Canada;Canadá;Kanada;Kanada;;Êàíàäà;;;X
CGX;Guangxi Clique;Clan Guangxi;Clicca Guangxi;Camarilla de Guangxi;Guangxi Clique;Kliknij Guangxi;;Êëèêà Ãóàíñè;;;X
CHC;Communist China;Chine Communiste;Cina comunista;China Comunista;Rotchina;Kom. Chiny;;Êîììóí. Êèòàé;;;X
CHI;Nationalist China;Chine Nationaliste;Cina Nazionalista;China Nacionalista;Nationalchina;Nacj. Chiny;;Íàö. Êèòàé;;;X
CHL;Chile;Chili;Cile;Chile;Chile;Chile;;×èëè;;;X
CMB;Cambodia;Cambodge;Cambogia;Camboya;Kambodscha;Kambod¿a;;Êàìáîäæà;;;X
COL;Colombia;Colombie;Colombia;Colombia;Kolumbien;Kolumbia;;Êîëóìáèÿ;;;X
CON;Congo;Congo;Congo;El Congo;Kongo;Kongo;;Êîíãî;;;X
COS;Costa Rica;Costa Rica;Costa Rica;Costa Rica;Costa Rica;Kostaryka;;Êîñòà-Ðèêà;;;X
CRO;Croatia;Croatie;Croazia;Croacia;Kroatien;Chorwacja;;Õîðâàòèÿ;;;X
CSA;Confederate States ;Etats confédérés;Stati Confederati;Estados Confederados;Konföderierte Staaten;Konfederacja;;Êîíôåäåðàòèâíûå øòàòû;;;X
CSX;Shanxi Clique;Clan Shanxi;Clicca Shanxi;Camarilla de Shanxi;Shanxi Clique;Kliknij Shanxi;;Øàíüñè;;;X
CUB;Cuba;Cuba;Cuba;Cuba;Kuba;Kuba;;Êóáà;;;X
CXB;San Ma Clique;Clan San Ma;Clicca San Ma;Camarilla de San Ma;San Ma Clique;Kliknij San Ma;;Ñåâåðîçàï. çåìëè Ìà;;;X
CYN;Yunnan Clique;Clan Yunnan;Clicca Yunnan;Camarilla de Yunnan;Yunnan Clique;Kliknij Yunnan;;Þíüíàíü;;;X
CYP;Cyprus;Chypre;Cipro;Chipre;Zypern;Cypr;;Êèïð;;;X
CZE;Czechoslovakia;Tchécoslovaquie;Cecoslovacchia;Checoslovaquia;Tschechoslowakei;Czechos³owacja;;×åõîñëîâàêèÿ;;;X
DDR;GDR;RDA;RDT;RDA;DDR;NRD;;ÃÄÐ;;;X
DEN;Denmark;Danemark;Danimarca;Dinamarca;Dänemark;Dania;;Äàíèÿ;;;X
DFR;FRG;RFA;RFT;RFA;BRD;RFN;;ÔÐÃ;;;X
DOM;Dominican Republic;République Dominicaine;Rep. Dominicana;República Dominicana;Dominikanische Rep.;Rep. Dominikany;;Äîìèíèê. ðåñïóáëèêà;;;X
EAF;East African Union;Union Est-Africaine;Unione Africana orientale;Unión Africana Oriental;Ostafrikanische Union;Wsp. Wschodnioafr.;;Âîñò.-àôðèê. ñîþç;;;X
ECU;Ecuador;Equateur;Ecuador;Ecuador;Ecuador;Ekwador;;Ýêâàäîð;;;X
EGY;Egypt;Egypte;Egitto;Egipto;Ägypten;Egipt;;Åãèïåò;;;X
ENG;United Kingdom;Royaume-Uni;Regno Unito;Reino Unido;Großbritannien;Wielka Brytania;;Âåëèêîáðèòàíèÿ;;;X
EQA;Equatorial Africa;Afrique Equatoriale;Africa equatoriale;África Ecuatorial;Äquatorialafrika;Afryka Równikowa;;Ýêâàòîðèàëüíàÿ Àôðèêà;;;X
EST;Estonia;Estonie;Estonia;Estonia;Estland;Estonia;;Ýñòîíèÿ;;;X
ETH;Ethiopia;Ethiopia;Etiopia;Etiopía;Äthiopien;Etiopia;;Ýôèîïèÿ;;;X
EUS;Euskadi;Pays Basque;Euskadi;Euskadi;Euskadi;Kraj Basków;;Ñòðàíà Áàñêîâ;;;X
FIN;Finland;Finlande;Finlandia;Finlandia;Finnland;Finlandia;;Ôèíëÿíäèÿ;;;X
FLA;Flanders;Flandre;Fiandre;Flandes;Flandern;Flandria;;Ôëàíäðèÿ;;;X
FRA;France;France;Francia;Francia;Frankreich;Francja;;Ôðàíöèÿ;;;X
GAB;Gabon;Gabon;Gabon;Gabón;Gabun;Gabon;;Ãàáîí;;;X
GEO;Georgia;Géorgie;Georgia;Georgia;Georgien;Gruzja;;Ãðóçèÿ;;;X
GER;Germany;Allemagne;Germania;Alemania;Deutsches Reich;Niemcy;;Ãåðìàíèÿ;;;X
GLD;Ghana;Ghana;Ghana;Ghana;Ghana;Ghana;;Ãàíà;;;X
GRE;Greece;Grèce;Grecia;Grecia;Griechenland;Grecja;;Ãðåöèÿ;;;X
GUA;Guatemala;Guatemala;Guatemala;Guatemala;Guatemala;Gwatemala;;Ãâàòåìàëà;;;X
GUI;Guinea;Guinée;Guinea;Guinea;Guinea;Gwinea;;Ãâèíåÿ;;;X
GUY;Guyana;Guyane;Guyana;Guayana;Guyana;Gujana;;Ãàéàíà;;;X
HAI;Haiti;Haiti;Haiti;Haití;Haiti;Haiti;;Ãàèòè;;;X
HOL;Exiled Government of Netherlands;Pays-Bas;Paesi Bassi;Países Bajos;Niederlande;Holandia;;Íèäåðëàíäû;;;X
HON;Honduras;Honduras;Honduras;Honduras;Honduras;Honduras;;Ãîíäóðàñ;;;X
HUN;Hungary;Hongrie;Ungheria;Hungría;Ungarn;Wêgry;;Âåíãðèÿ;;;X
ICL;Iceland;Islande;Islanda;Islandia;Island;Islandia;;Èñëàíäèÿ;;;X
IDC;Indochina;Indochine;Indocina;Indochina;Indochina;Indochiny;;Èíäîêèòàé;;;X
IND;India;Inde;India;India;Indien;Indie;;Èíäèÿ;;;X
INO;Indonesia;Indonésie;Indonesia;Indonesia;Indonesien;Indonezja;;Èíäîíåçèÿ;;;X
IRE;Ireland;Irlande;Irlanda;Irlanda;Irland;Irlandia;;Èðëàíäèÿ;;;X
IRQ;Iraq;Irak;Iraq;Irak;Irak;Irak;;Èðàê;;;X
ISR;Israel;Israël;Israele;Israel;Israel;Izrael;;Èçðàèëü;;;X
ITA;Italy;Italie;Italia;Italia;Italien;W³ochy;;Èòàëèÿ;;;X
JAP;Japan;Japon;Giappone;Japón;Japan;Japonia;;ßïîíèÿ;;;X
JOR;Jordan;Jordanie;Giordania;Jordán;Jordanien;Jordania;;Èîðäàíèÿ;;;X
KAZ;Kazakhstan;Kazakhstan;Kazakistan;Kazajstán;Kasachstan;Kazachstan;;Êàçàõñòàí;;;X
KOR;Korea;Corée;Corea;Corea;Korea;Korea;;Êîðåÿ;;;X
KUR;Kurdistan;Kurdistan;Kurdistan;Kurdistán;Kurdistan;Kurdystan;;Êóðäèñòàí;;;X
KYG;Kyrgyzstan;Kirghizistan;Kirghizistan;Kirguizistán;Kirgistan;Kirgistan;;Êèðãèçèÿ;;;X
LAO;Laos;Laos;Laos;Laos;Laos;Laos;;Ëàîñ;;;X
LAT;Latvia;Lettonie;Lettonia;Letonia;Lettland;£otwa;;Ëàòâèÿ;;;X
LBY;Libya;Libye;Libia;Libia;Libyen;Libia;;Ëèâèÿ;;;X
LEB;Lebanon;Liban;Libano;Líbano;Libanon;Liban;;Ëèâàí;;;X
LIB;Liberia;Libéria;Liberia;Liberia;Liberia;Liberia;;Ëèáåðèÿ;;;X
LIT;Lithuania;Lituanie;Lituania;Lituania;Litauen;Litwa;;Ëèòâà;;;X
LUX;Luxemburg;Luxembourg;Lussemburgo;Luxemburgo;Luxemburg;Luksemburg;;Ëþêñåìáóðã;;;X
MAD;Madagascar;Madagascar;Madagascar;Madagascar;Madagaskar;Madagaskar;;Ìàäàãàñêàð;;;X
MAL;Union of Mali;Union du Mali;Unione del Mali;Unión de Malí;Union von Mali;Mali;;Ôåäåðàöèÿ Ìàëè;;;X
MAN;Manchukuo;Mandchoukouo;Manchukuo;Manchuria;Mandschuko;Mand¿ukuo;;Ìàíü÷æîó-Ãî;;;X
MEN;Mengjiang;Mengjiang;Mengjiang;Mengjiang;Mengjiang;Mongolia Wewnêtrzna;;Âíóòðåííÿÿ Ìîíãîëèÿ;;;X
MEX;Mexico;Mexique;Messico;México;Mexiko;Meksyk;;Ìåêñèêà;;;X
MIN;(Undefined Nation);(nation non définie);(Nazione non specificata);(Nación sin definir);(nicht definierte Nation);(Nieokreœlone pañstwo);;(Íåîïðåäåëåííàÿ ñòðàíà);;;X
MLY;Malaysia;Malaisie;Malesia;Malasia;Malaysia;Malezja;;Ìàëàéçèÿ;;;X
MON;Mongolia;Mongolie;Mongolia;Mongolia;Mongolei;Mongolia;;Ìîíãîëèÿ;;;X
MOR;Morocco;Maroc;Marocco;Marruecos;Marokko;Maroko;;Ìàðîêêî;;;X
MOZ;Mozambique;Mozambique;Mozambico;Mozambique;Mosambik;Mozambik;;Ìîçàìáèê;;;X
MTN;Montenegro;Monténégro;Montenegro;Montenegro;Montenegro;Czarnogóra;;×åðíîãîðèÿ;;;X
NAM;Namibia;Namibie;Namibia;Namibia;Namibia;Namibia;;Íàìèáèÿ;;;X
NEP;Nepal;Népal;Nepal;Nepal;Nepal;Nepal;;Íåïàë;;;X
NIC;Nicaragua;Nicaragua;Nicaragua;Nicaragua;Nicaragua;Nikaragua;;Íèêàðàãóà;;;X
NIG;Nigeria;Nigéria;Nigeria;Nigeria;Nigeria;Nigeria;;Íèãåðèÿ;;;X
NOR;Norway;Norvège;Norvegia;Noruega;Norwegen;Norwegia;;Íîðâåãèÿ;;;X
NZL;New Zealand;Nouvelle-Zélande;Nuova Zelanda;Nueva Zelanda;Neuseeland;Nowa Zelandia;;Íîâàÿ Çåëàíäèÿ;;;X
OMN;Oman;Oman;Oman;Omán;Oman;Oman;;Îìàí;;;X
OTT;Ottoman Empire;Empire Ottoman;Impero Ottomano;Imperio Otomano;Osmanisches Reich;Imperium Osmañskie;;Îñìàíñêàÿ Èìïåðèÿ;;;X
PAK;Pakistan;Pakistan;Pakistan;Pakistán;Pakistan;Pakistan;;Ïàêèñòàí;;;X
PAL;Palestine;Palestine;Palestina;Palestina;Palästina;Palestyna;;Ïàëåñòèíà;;;X
PAN;Panama;Panama;Panama;Panamá;Panama;Panama;;Ïàíàìà;;;X
PAR;Paraguay;Paraguay;Paraguay;Paraguay;Paraguay;Paragwaj;;Ïàðàãâàé;;;X
PER;Iran;Iran;Iran;Iran;Iran;Iran;;Ïåðñèÿ;;;X
PHI;Philippines;Philippines;Filippine;Filipinas;Philippinen;Filipiny;;Ôèëèïïèíû;;;X
POL;Poland;Pologne;Polonia;Polonia;Polen;Polska;;Ïîëüøà;;;X
POR;Portugal;Portugal;Portogallo;Portugal;Portugal;Portugalia;;Ïîðòóãàëèÿ;;;X
PRI;Primorsk;Primorsk;Primorsk;Primorsk;Primorsk;Kraj Nadmorski;;Ïðèìîðüå;;;X
PRK;People's Republic of Korea;République Populaire de Corée;Repubblica popolare di Corea;República Popular de Corea;Volksrepublik Korea;Korea Pó³nocna;;Íàðîäíàÿ Ðåñïóáëèêà Êîðåÿ;;;X
PRU;Peru;Pérou;Perù;Perú;Peru;Peru;;Ïåðó;;;X
QUE;Quebec;Québec;Quebec;Québec;Quebec;Quebec;;Êâåáåê;;;X
RHO;Rhodesia and Nyasaland;Rhodésie et Nyassaland;Rhodesia e Nyasaland;Rhodesia y Nyasaland;Rhodesien und Njassaland;Rodezja i Niasa;;Ðîäåçèÿ è Íüÿñàëåíäà;;;X
ROM;Romania;Roumanie;Romania;Rumania;Rumänien;Rumunia;;Ðóìûíèÿ;;;X
RSI;Italian Social Republic;République Sociale Italienne;Repubblica Sociale Italiana;República Socialista Italiana;Italienische Sozialrepublik;W³oska Republika Socjalna;;Èòàëüÿíñêàÿ Ñîö. Ðåñï.;;;X
RUS;Russia;Russie;Russia;Rusia;Russland;Rosja;;Ðîññèÿ;;;X
SAF;Union of South Africa;Union d'Afrique du Sud;Sudafrica;Sudáfrica;Südafrika;RPA;;Þæíàÿ Àôðèêà;;;X
SAL;El Salvador;Salvador;El Salvador;El Salvador;El Salvador;Salwador;;Ñàëüâàäîð;;;X
SAR;Sarawak;Sarawak;Sarawak;Sarawak;Sarawak;Sarawak;;Ñàðàâàê;;;X
SAU;Saudi Arabia;Arabie Saoudite;Arabia Saudita;Arabia Saudí;Saudi-Arabien;Arabia Saudyjska;;Ñàóäîâñêàÿ Àðàâèÿ;;;X
SCA;Scandinavia;Scandinavie;Scandinavia;Escandinavia;Skandinavien;Skandynawia;;Ñêàíäèíàâèÿ;;;X
SCH;Switzerland;Suisse;Svizzera;Suiza;Schweiz;Szwajcaria;;Øâåéöàðèÿ;;;X
SCO;Scotland;Écosse;Scozia;Escocia;Schottland;Szkocja;;Øîòëàíäèÿ;;;X
SER;Serbia;Serbie;Serbia;Serbia;Serbien;Serbia;;Ñåðáèÿ;;;X
SIA;Thailand;Thailande;Tailandia;Thailand;Thailand;Tajlandia;;Òàèëàíä;;;X
SIA36;Siam;Siam;Siam;Siam;Siam;Syjam;;Ñèàì;;;X
SIB;Siberian Democratic Republic;Siberian Democratic Republic;Siberian Democratic Republic;Siberian Democratic Republic;SSiberian Democratic Republic;Siberian Democratic Republic;;Ñèáèðü;;;X
SIE;Sierra Leone;Sierra Léone;Sierra Leone;Sierra Leona;Sierra Leone;Sierra Leone;;Ñüåððà-Ëåîíå;;;X
SIK;Xinjiang;Xinjiang;Xinjiang;Xinjiang;Xinjiang;Xinjiang;;Ñèíüöçÿí;;;X
SLO;Slovakia;Slovaquie;Slovacchia;Eslovaquia;Slowakei;S³owacja;;Ñëîâàêèÿ;;;X
SLV;Slovenia;Slovénie;Slovenia;Eslovenia;Slowenien;S³owenia;;Ñëîâåíèÿ;;;X
SOM;Somalia;Somalie;Somalia;Somalia;Somalia;Somalia;;Ñîìàëè;;;X
SOV;Soviet Union;URSS;URSS;URSS;Sowjetunion;Zwi¹zek Radziecki;;Ñîâåòñêèé Ñîþç;;;X
SPA;Spanish State;État espagnol;Stato Spagnolo;España;Spanischer Staat;Pañstwo Hiszpañskie;;Èñïàíèÿ;;;X
SPR;Spanish Republic;République d'Espagne;Repubblica Spagnola;República Española;Spanische Republik;Republika Hiszpañska;;Èñïàíñêàÿ ðåñïóáëèêà;;;X
SUD;Sudan;Soudan;Sudan;Sudán;Sudan;Sudan;;Ñóäàí;;;X
SWE;Sweden;Suède;Svezia;Suecia;Schweden;Szwecja;;Øâåöèÿ;;;X
SYR;Syria;Syrie;Siria;Siria;Syrien;Syria;;Ñèðèÿ;;;X
TAJ;Tajikistan;Tadjikistan;Tagikistan;Tayikistán;Tadschikistan;Tad¿ykistan;;Òàäæèêèñòàí;;;X
TAN;Tannu Tuva;Tannu Tuva;Tannu Tuva;Tannu Tuva;Tannu-Tuwa;Tanu Tuwa;;Òóâà;;;X
TEX;Texas;Texas;Texas;Texas;Texas;Teksas;;Òåõàñ;;;X
TIB;Tibet;Tibet;Tibet;Tíbet;Tibet;Tybet;;Òèáåò;;;X
TRA;Cossack Federation;Cossack Federation;Cossack Federation;Cossack Federation;Cossack Federation;Cossack Federation;;Äàëüíåâîñò.ðåñïóáëèêà;;;X
TRK;Turkmenistan;Turkménistan;Turkmenistan;Turkmenistán;Turkmenistan;Turkmenistan;;Òóðêìåíèñòàí;;;X
TUN;Tunisia;Tunisie;Tunisia;Túnez;Tunesien;Tunezja;;Òóíèñ;;;X
TUR;Turkey;Turquie;Turchia;Turquía;Türkei;Turcja;;Òóðöèÿ;;;X
UKR;Ukraine;Ukraine;Ucraina;Ucrania;Ukraine;Ukraina;;Óêðàèíà;;;X
URU;Uruguay;Uruguay;Uruguay;Uruguay;Uruguay;Urugwaj;;Óðóãâàé;;;X
USA;USA;Etats-Unis;USA;EE. UU.;USA;USA;;ÑØÀ;;;X
UZB;Uzbekistan;Ouzbékistan;Uzbekistan;Uzbekistán;Usbekistan;Uzbekistan;;Óçáåêèñòàí;;;X
VEN;Venezuela;Vénézuéla;Venezuela;Venezuela;Venezuela;Wenezuela;;Âåíåñóýëà;;;X
VIC;Vichy France;Régime de Vichy;Francia di Vichy;Francia de Vichy;Vichy-Frankreich;Vichy;;Âèøèñòñêàÿ Ôðàíöèÿ;;;X
VIE;State of Vietnam;État du Viêt Nam;Stato del Vietnam;Estado de Vietnam;Staat Vietnam;Pañstwo Wietnamskie;;Âüåòíàì;;;X
WLL;Wallonia;Wallonie;Vallonia;Valonia;Wallonien;Walonia;;Âàëëîíèÿ;;;X
YEM;Yemen;Yémen;Yemen;Yemen;Jemen;Jemen;;Éåìåí;;;X
YUG;Yugoslavia;Yougoslavie;Jugoslavia;Yugoslavia;Jugoslawien;Jugos³awia;;Þãîñëàâèÿ;;;X
U00;User Defined;Paramétrable;Definito dall'utente;Def. por usuario;Benutzerdefiniert;Zdefiniowane przez u¿ytkownika;;Îïðåäåëÿåòñÿ ïîëüçîâàòåëåì;;;X
U01;Free France;France Libre;Francia Libera;Francia Libre;Freies Frankreich;Wolna Francja;;Ñâîáîäíàÿ Ôðàíöèÿ;;;X
U02;British Raj;Raj Britannique;British Raj;Raj Britanico;Britisches-Indien;Indie Brytyjskie;;Áðèòàíñêàÿ Èíäèÿ;;;X
U03;Indochinese Union;Union Indochinoise;Unione Indocinese;Unión Indochina;Indochinesische Union;Unia Indochiñska;;Èíäîêèòàéñêèé Ñîþç;;;X
U04;French Mandate for Syria;Mandat Français en Syrie;Mandato francese della Siria;Mandato Francés de Siria;Französisches Mandat für Syrien;Francuski mandat Syrii;;Ôðàíöóçñêèé ìàíäàò â Ñèðèè è Ëèâàíå;;;X
U05;Dutch East Indies;Indes néerlandaises;Indie Orientali Olandesi;Indias Orientales Neerlandesas;Niederländisch-Indien;Holenderskie Indie Wschodnie;;Ãîëëàíäñêàÿ Îñò-Èíäèÿ;;;X
U06;Independent States of America;Independent States of America;Independent States of America;Independent States of America;Independent States of America;Independent States of America;;Independent States of America;;;X
U08;Germany;Allemagne;Germania;Alemania;Deutsches Reich;Niemcy;;Ãåðìàíèÿ;;;X
U09;Austria-Hungary;Autriche-Hongrie;Austria-Ungheria;Austria-Hungría;Österreich-Ungarn;Austro-Wêgry;;Àâñòðî-Âåíãðèÿ;;;X
U10;Dutch Socialist Union;Union Socialiste Hollandaise;Unione Socialista Olandese;Unión Socialista Holandesa;Niederländische Sozialistische Union;Holenderski Zwi¹zek Socjalistyczny;;Ãîëëàíäñêèé Ñîöèàëèñòè÷åñêèé Ñîþç;;;X
U11;People's Republic of France;République Populaire de France;Repubblica Popolare Francese;República Popular Francesa;Volksrepublik Frankreich;Francuska Republika Ludowa;;Ôðàíöóçñêàÿ Íàðîäíàÿ Ðåñïóáëèêà;;;X
U12;English Republic;République d'Angleterre;Repubblica d'Inghilterra;República Inglesa;Englische Republik;Republika Angielska;;Àíãëèéñêàÿ Ðåñïóáëèêà;;;X
U13;Hungarian Socialist Republic;République Socialiste de Hongrie;Repubblica Socialista d'Ungheria;República Socialista de Hungría;Ungarische Sozialistische Republik;Wêgierska Republika Socjalistyczna;;Âåíãåðñêàÿ Íàðîäíàÿ Ðåñïóáëèêà;;;X
U14;Italian Union;Union Italienne;Unione Italiana;Unión Italiana;Italienische Union;Zwi¹zek W³oski;;Èòàëüÿíñêèé Ñîþç;;;X
U15;Socialist Republic of Portugal;République Socialiste du Portugal;Repubblica Socialista del Portogallo;República Socialista de Portugal;Sozialistische Republik Portugal;Portugalska Republika Socjalistyczna;;Ñîöèàëèñòè÷åñêàÿ Ðåñïóáëèêà Ïîðòóãàëèÿ;;;X
U16;Austrian Democratic Republic;République Démocratique d'Autriche;Repubblica Democratica Austriaca;República Democrática de Austria;Österreichsche Demokratische Republik;Austriacka Republika Demokratyczna;;Äåìîêðàòè÷åñêàÿ Ðåñïóáëèêà Àâñòðèÿ;;;X
U17;People's Republic of Belgium;République Populaire de Belgique;Repubblica Popolare del Belgio;República Popular Belga;Volksrepublik Belgien;Belgijska Republika Ludowa;;Íàðîäíàÿ Ðåñïóáëèêà Áåëüãèÿ;;;X
U18;Luxembourg;Luxembourg;Lussemburgo;Luxemburgo;Luxemburg;Luksemburg;;Ñîöèàëèñòè÷åñêàÿ Ðåñïóáëèêà Ëþêñåìáóðã;;;X
U19;People's Republic of Norway;République Populaire de Norvège;Repubblica Popolare di Norvegia;República del Pueblo Noruego;Volksrepublik Norwegen;Norweska Republika Ludowa;;Íàðîäíàÿ Ðåñïóáëèêà Íîðâåãèÿ;;;X
U20;Finnish Democratic Republic;République Démocratique de Finlande;Repubblica Democratica Finlandese;República Democrática de Finlandia;Finnische Demokratische Republik;Fiñska Republika Demokratyczna;;Ôèíñêàÿ Äåìîêðàòè÷åñêàÿ Ðåñïóáëèêà;;;X
U21;Swedish Socialist Union;Union Socialiste de Suède;Unione Socialista Svedese;Unión Socialista Sueca;Schwedische Sozialistische Union;Szwedzki Zwi¹zek Socjalistyczny;;Øâåäñêèé Ñîöèàëèñòè÷åñêèé Ñîþç;;;X
U22;People's Republic of Denmark;République Populaire du Danemark;Repubblica Popolare di Danimarca;República Popular de Dinamarca;Volksrepublik Dänemark;Duñska Republika Ludowa;;Íàðîäíàÿ Ðåñïóáëèêà Äàíèÿ;;;X
U23;Saarprotektorat;Protectorat de la Sarre;Protettorato della Saar;Protectorado del Sar;Saarprotektorat;Protektorat Saary;;Ñààðñêèé Ïðîòåêòîðàò;;;X
U24;Allied Occupation Zone;Zone d'occupation alliée;Zona d'occupazione alleata;Zona de Ocupación Aliada;Allierte Besatzungszone;Aliancka strefa okupacyjna;;Çîíà îêêóïàöèè Ñîþçíèêîâ;;;X
U25;Soviet Occupation Zone;Zone d'occupation soviétique;Zona d'occupazione sovietica;Zona de Ocupación Soviética;Sowjetische Besatzungszone;Radziecka strefa okupacyjna;;Ñîâåòñêàÿ îêêóïàöèîííàÿ çîíà;;;X
U26;Swiss Socialist Republic;République Socialiste de Suisse;Repubblica Socialista Svizzera;República Socialista de Suiza;Sozialistische Republik Schweiz;Szwajcarska Republika Socjalistyczna;;Ñîöèàëèñòè÷åñêàÿ Ðåñïóáëèêà Øâåéöàðèÿ;;;X
U27;Socialist Federal Republic of Yugoslavia;République Socialiste Fédérale de Yougoslavie;Repubblica Socialista Federale di Jugoslavia;República Federal Socialista de Yugoslavia;Sozialistische Föderative Republik Jugoslawien;Socjalistyczna Federacja Jugos³awii;;Ñîöèàëèñòè÷åñêàÿ Ôåäåðàòèâíàÿ Ðåñïóáëèêà Þãîñëàâèÿ;;;X
U28;Socialist People's Republic of Albania;République Populaire Socialiste d'Albanie;Repubblica Popolare Socialista d'Albania;República Popular Socialista de Albania;Sozialistische Volksrepublik Albanien;Albañska Republika Ludowa;;Íàðîäíàÿ Ñîöèàëèñòè÷åñêàÿ Ðåñïóáëèêà Àëáàíèÿ;;;X
U29;People's Republic of Bulgaria;République Populaire de Bulgarie;Repubblica Popolare di Bulgaria;República Popular de Bulgaria;Volksrepublik Bulgarien;Bu³garska Republika Ludowa;;Íàðîäíàÿ Ðåñïóáëèêà Áîëãàðèÿ;;;X
U30;Romanian People's Republic;République Populaire de Roumanie;Repubblica Popolare di Romania;República Socialista de Rumania;Sozialistische Republik Rumänien;Rumuñska Republika Socjalistyczna;;Ñîöèàëèñòè÷åñêàÿ Ðåñïóáëèêà Ðóìûíèÿ;;;X
U31;Czechoslovak Socialist Republic;République Socialiste de Tchécoslovaquie;Repubblica Socialista Cecoslovacca;República Socialista de Checoslovaquia;Tschechoslowakische Sozialistische Republik;Czechos³owacka Republika Ludowa;;×åõîñëîâàöêàÿ Ñîöèàëèñòè÷åñêàÿ Ðåñïóáëèêà;;;X
U32;People's Republic of Poland;République Populaire de Pologne;Repubblica Popolare di Polonia;República Popular de Polonia;Volksrepublik Polen;Polska Rzeczpospolita Ludowa;;Ïîëüñêàÿ Íàðîäíàÿ Ðåñïóáëèêà;;;X
U33;Democratic Republic of Greece;République Démocratique de Grèce;Repubblica Democratica di Grecia;República Democrática de Grecia;Demokratische Republik Griechenland;Grecka Republika Demokratyczna;;Äåìîêðàòè÷åñêàÿ Ðåñïóáëèêà Ãðåöèÿ;;;X
U34;Socialist Republic of Turkey;République Socialiste de Turquie;Repubblica Socialista di Turchia;República Socialista de Turquía;Sozialistische Republik Türkei;Turecka Republika Socjalistyczna;;Ñîöèàëèñòè÷åñêàÿ Ðåñïóáëèêà Òóðöèÿ;;;X
U35;Democratic Spanish Union;Union Démocratique d'Espagne;Unione Democratica Spagnola;Unión Democrática Española;Demokratische Spanische Union;Demokratyczna Unia Hiszpanii;;Äåìîêðàòè÷åñêèé ñîþç Èñïàíèè;;;X
U36;Zhili Clique;Clan Zhili;Clicca Zhili;Camarilla de Zhili;Zhili Clique;Kliknij Zhili;;×æèëèéñêàÿ êëèêà;;;X
U39;Hatay State;Etat de Hatay;Hatay State;Hatay State;Staat Hatay;Pañstwo Hatay;;Ãîñóäàðñòâî Õàòàé;;;X
U40;RK Ostland;Reichskommissariat Ostland;Reichskommissariat Ostland;Reichskommissariat Ostland;Reichskommissariat Ostland;Komisariat Rzeszy Wschód;;Ðåéõñêîìèññàðèàò Îñòëàíä;;;X
U41;RK Ukraine;Reichskommissariat Ukraine;Reichskommissariat Ukraine;Reichskommissariat Ukraine;Reichskommissariat Ukraine;Komisariat Rzeszy Ukraina;;Ðåéõñêîìèññàðèàò Óêðàèíà;;;X
U42;RK Kaukasus;Reichskommissariat Kaukasus;Reichskommissariat Kaukasus;Reichskommissariat Kaukasus;Reichskommissariat Kaukasus;Komisariat Rzeszy Kaukaz;;Ðåéõñêîìèññàðèàò Êàâêàç;;;X
U43;RK Moskowien;Reichskommissariat Moskowien;Reichskommissariat Moskowien;Reichskommissariat Moskowien;Reichskommissariat Moskowien;Komisariat Rzeszy Moskwa;;Ðåéõñêîìèññàðèàò Ìîñêîâèÿ;;;X
U44;GG Polen;Gouvernement Général de Pologne;Generalgouvernement Polen;Generalgouvernement Polen;Generalgouvernement Polen;Generalne Gubernatorstwo;;Ãåíåðàë-Ãóáåðíàòîðñòâî;;;X
U45;RK Norwegen;Reichskommissariat Norwegen;Reichskommissariat Norwegen;Reichskommissariat Norwegen;Reichskommissariat Norwegen;Komisariat Rzeszy Norwegia;;Ðåéõñêîìèññàðèàò Íîðâåãèÿ;;;X
U46;RK Niederlande;Reichskommissariat Niederlande;Reichskommissariat Niederlande;Reichskommissariat Niederlande;Reichskommissariat Niederlande;Komisariat Rzeszy Holandia;;Ðåéõñêîìèññàðèàò Íèäåðëàíäû;;;X
U47;RK Belgien-Frankreich;RK Belgien-Frankreich;RK Belgien-Frankreich;RK Belgien-Frankreich;RK Belgien-Frankreich;RK Belgien-Frankreich;;Ðåéõñêîìèññàðèàò Áåëüãèÿ è Ñåâåðíàÿ Ôðàíöèÿ;;;X
U48;RK Turkestan;Reichskommissariat Turkestan;Reichskommissariat Turkestan;Reichskommissariat Turkestan;Reichskommissariat Turkestan;Komisariat Rzeszy Turkiestan;;Ðåéõñêîìèññàðèàò Òóðêåñòàí;;;X
U49;Italian East Africa;Afrique Orientale Italienne;Africa Orientale Italiana;Africa Oriental Italiana;Italienisch Ostafrika;W³oska Afryka Wschodnia;;Èòàëüÿíñêàÿ Âîñò.Àôðèêà;;;X
U50;Hejaz;Hedjaz;Hejaz;Hejaz;Hedschas;Hid¿az;;Õèäæàç;;;X
U51;Qatar;Qatar;Qatar;Qatar;Katar;Katar;;Êàòàð;;;X
U52;Burgundy SS State;Burgundy SS State;Burgundy SS State;Burgundy SS State;Burgundy SS State;Burgundy SS State;;Burgundy SS State;;;X
U53;Trucial States;Etats de la Trêve;gli Stati della tregua;Trucial States;Trucial States;Oman Traktatowy;;Îìàí äîãîâîðíûé;;;X
U54;Galicia;Galicia;Galicia;Galicia;Galicia;Galicia;;Galicia;;;X
U55;Mountain Republic;République Montagnarde;Repubblica delle montagne;República Montañesa;Bergrepublik;Republika Tarnobrzeska;;Òàðíîáæåãñêàÿ ðåñïóáëèêà;;;X
U56;Reichskommissariat Ural;Reichskommissariat Ural;Reichskommissariat Ural;Reichskommissariat Ural;Reichskommissariat Ural;Reichskommissariat Ural;;Reichskommissariat Ural;;;X
U57;Far Eastern Republic;Far Eastern Republic;Far Eastern Republic;Far Eastern Republic;Far Eastern Republic;Far Eastern Republic;;Far Eastern Republic;;;X
U58;SS Schutzstaffel;SS Schutzstaffel;SS Schutzstaffel;SS Schutzstaffel;SS Schutzstaffel;SS Schutzstaffel;;SS Schutzstaffel;;;X
U59;Empire of Russia;Empire of Russia;Empire of Russia;Empire of Russia;Empire of Russia;Empire of Russia;;Empire of Russia;;;X
U60;Newfoundland;Terre-Neuve;Terranova;Terranova;Neufundland;Nowa Fundlandia;;Íüþôàóíäëåíä;;;X
U61;Don Republic;République du Don;Repubblica del Don;República del Don;Don-Republik;Republika Doñska;;Äîíñêàÿ ðåñïóáëèêà;;;X
U62;Goralenland;Goralenland;Goralenland;Goralenland;Goralenland;Goralenland;;Goralenland;;;X
U63;Reichskommissariat Westsibirien;Reichskommissariat Westsibirien;Reichskommissariat Westsibirien;Reichskommissariat Westsibirien;Reichskommissariat Westsibirien;Reichskommissariat Westsibirien;;Reichskommissariat Westsibirien;;;X
U64;Reichskommissariat Ostsibirien;Reichskommissariat Ostsibirien;Reichskommissariat Ostsibirien;Reichskommissariat Ostsibirien;Reichskommissariat Ostsibirien;Reichskommissariat Ostsibirien;;Reichskommissariat Ostsibirien;;;X
U65;Crimea;Crimée;Crimea;Crimea;Krim;Krym;;Êðûì;;;X
U66;Principality of the Pindus;Principauté de Pindus;Principato del Pindo;Principado de Pindo;Fürstentum Pindus;Ksiêstwo Pindosu;;Ïèíäñêîå êíÿæåñòâî;;;X
U67;Fengtian Clique;Clan Fengtian;Fengtian Clique;Camarilla de Fengtian;Fengtian Clique;Klika Fengtiañska;;Ôýíòÿíüñêàÿ êëèêà;;;X
U68;Khiva;Khiva;Khiva;Jiva;Khiva;Chiwa;;Õèâà;;;X
U69;Bukhara;Boukhara;Bukhara;Bújara;Buchara;Buchara;;Ðåâîëþöèîííàÿ Ìåêñèêà;;;X
U70;Uganda;Ouganda;Uganda;Uganda;Uganda;Uganda;;Óãàíäà;;;X
U71;Northern Ireland;Irlande du Nord;Irlanda del Nord;Irlanda del Norte;Nordirland;Irlandia Pólnocna;;Ñåâåðíàÿ Èðëàíäèÿ;;;X
U72;Democratic Republic of Vietnam;République Démocratique du Vietnam;Repubblica Democratica del Vietnam;República Democrática de Vietnam;Demokratische Republik Vietnam;Demokratyczna Republika Wietnamu;;Äåìîêðàòè÷åñêàÿ Ðåñïóáëèêà Âüåòíàì;;;X
U73;England;Angleterre;Inghilterra;Inglaterra;England;Anglia;;Àíãëèÿ;;;X
U74;Imperial China;Chine Impériale;Cina imperiale;China Imperial;Imperiales China;Cesarstwo Chiñskie;;Èìïåðñêèé Êèòàé;;;X
U75;Singapore;Singapour;Singapore;Singapur;Singapur;Singapur;;Ñèíãàïóð;;;X
U76;Wales;Pays de Galles;Galles;Gales;Wales;Walia;;Óýëüñ;;;X
U77;Greater Colombia;Grande Colombie;Gran Colombia;Gran Colombia;Großkolumbien;Wielka Kolumbia;;Âåëèêàÿ Êîëóìáèÿ;;;X
U78;Central America;Amérique Centrale;America Centrale;Centroamérica;Zentralamerika;Ameryka Œrodkowa;;Öåíòðàëüíàÿ Àìåðèêà;;;X
U79;West Indies;Indes Occidentales;Indie Occidentali;Indias Occidentales;West-Indien;Indie Zachodnie;;Çàïàäíàÿ Èíäèÿ;;;X
U80;Kashmir;Cachemire;Kashmir;Cachemira;Kaschmir;Kaszmir;;Êàøìèð;;;X
U81;Upper Volta;Haute-Volta;Alto Volta;Alto Volta;Obervolta;Górna Wolta;;Âåðõíÿÿ Âîëüòà;;;X
U82;Central Africa;Centrafrique;Centrafrica;África Central;Zentralafrika;Afryka Œrodkowa;;Öåíòðàëüíàÿ Àôðèêà;;;X
U83;Ceylon;Ceylan;Ceylon;Ceilán;Ceylon;Cejlon;;Öåéëîí;;;X
U84;Chad;Tchad;Ciad;Chad;Tschad;Czad;;×àä;;;X
U85;Congo-Brazzaville;Congo-Brazzaville;Congo-Brazzaville;Congo-Brazzaville;Kongo-Brazzaville;Kongo-Brazzaville;;Êîíãî-Áðàççàâèëü;;;X
U86;Gambia;Gambie;Gambia;Gambia;Gambia;Gambia;;Ãàìáèÿ;;;X
U87;Chinese National Social State;Chinese National Social State;Chinese National Social State;Chinese National Social State;Chinese National Social State;Chinese National Social State;;Chinese National Social State;;;X
U88;Ivory Coast;Côte d'Ivoire;Costa d'Avorio;Costa de Marfil;Elfenbeinküste;Wybrze¿e Koœci S³oniowej;;Áåðåã Ñëîíîâîé Êîñòè;;;X
U89;Jamaica;Jamaïque;Giamaica;Jamaica;Jamaika;Jamajka;;ßìàéêà;;;X
U90;Kenya;Kenya;Kenya;Kenia;Kenia;Kenia;;Êåíèÿ;;;X
U91;Kuwait;Koweït;Kuwait;Kuwait;Kuwait;Kuwejt;;Êóâåéò;;;X
U92;Malta;Malte;Malta;Malta;Malta;Malta;;Ìàëüòà;;;X
U93;Mauritania;Mauritanie;Mauritania;Mauritania;Mauretanien;Mauretania;;Ìàâðèòàíèÿ;;;X
U94;Niger;Niger;Niger;Níger;Niger;Niger;;Íèãåðèÿ;;;X
U95;Rwanda;Rwanda;Ruanda;Ruanda;Ruanda;Rwanda;;Ðóàíäà;;;X
U96;Senegal;Sénégal;Senegal;Senegal;Senegal;Senegal;;Ñåíåãàë;;;X
U97;Tanganyika;Tanganyika;Tanganika;Tanganica;Tanganjika;Tanganika;;Òàíãàíüèêà;;;X
U98;Trinidad and Tobago;Trinité-et-Tobago;Trinidad e Tobago;Trinidad y Tobago;Trinidad und Tobago;Trynidad i Tobago;;Òðèíèíäàä-è-Òîáàãî;;;X
U99;Togo;Togo;Togo;Togo;Togo;Togo;;Òîãî;;;X
UAP;APR;RPA;Repubblica Popolare Africana;CNA;Afrikanische Volksrepublik;Afrykañska Republika Ludowa;;ÀÍÐ;;;X
UAU;Australasia;Australasie;Australasia;Australasia;Australasiat. Staatenbund;Australazja;;Àâñòðàëàçèÿ;;;X
UBO;Bourbon;Les Bourbons;Regno Borbonico;Borbones;Bourbonisches Königreich;Pañstwo Burbonów;;Áóðáîíû;;;X
UCH;Republic of China;République de Chine;Repubblica Cinese;República de China;Chinesische Republik;Republika Chiñska;;Êèòàéñêàÿ Ðåñïóáëèêà;;;X
UCS;The Confederates;Les Confédérés;Stati Confederati;Los confederados;Konföderierte Staaten;Konfederaci;;Êîíôåäåðàòû;;;X
UER;Idel Ural State;Idel Ural State;Idel Ural State;Idel Ural State;Idel Ural State;Idel Ural State;;Óôèìñêàÿ äèðåêòîðèÿ;;;X
UES;European Soviets;Soviets européens;Soviet europei;Soviets Europeos;Europäische Räterepublik;Europa Sowiecka;;Åâðîïåéñêèå Ñîâåòû;;;X
UGS;Northern Army;Armée du Nord;Esercito del Nord;Armada del Norte;Nordarmee;Armia Pó³nocna;;Ïðèìîðüå;;;X
UIC;Indo China;Indo-Chine;Indocina;Indochina;Indochina;Indochiny;;Èíäîêèòàé;;;X
UIR;Indian Republic;République Indienne;Repubblica Indiana;República India;Indische Republik;Republika Indyjska;;Ðåñïóáëèêà Èíäèÿ;;;X
UPE;Turkestan;Turkestan;Turkestan;Turkestan;Turkestan;Turkestan;;Òóðêåñòàí;;;X
UPR;Prussia;Prusse;Prussia;Prusia;Preußisches Königreich;Prusy;;Ïðóññèÿ;;;X
UPS;PRRS;RPSL;Repubblica Popolare del Sol Levante;PRRS;VR der aufgehenden Sonne;PRRS;;ÍÐÂÑ;;;X
URO;Roma;Rome;Repubblica Socialista Romana;Roma;Römische Sozialrepublik;Pañstwo Rzymskie;;Ðèì;;;X
USN;USNA;EUAN;Stati Uniti del Nord America;EE.UU.;USNA;USNA;;ÑÀÑØ;;;X
UTC;Volunteer Army;Armée des volontaires;Armata dei Volontari;Ejército de Voluntarios;Freiwilligenarmee;Armia Ochotnicza;;Äîáðîâîëü÷åñêàÿ àðìèÿ;;;X
UTL;The Libertadores;Les Libertadores;I Libertadores;Los Libertadores;Südamerikan. Gemeinschaft;Libertadores;;Ëèáåðòàäîðåñ;;;X
UTO;The Ottomans;Les Ottomans;Impero Ottomano;Los otomanos;Osmanisches Reich;Imperium Osmañskie;;Îñìàíñêàÿ èìïåðèÿ;;;X
FRA_1;French State;French State;French State;French State;French State;French State;;French State;;;X
TRK_TUR;Turkestan;Turkestan;Turkestan;Turkestan;Turkestan;Turkestan;;Turkestan;;;X
TRK_AXI;Turkestan;Turkestan;Turkestan;Turkestan;Turkestan;Turkestan;;Turkestan;;;X
TRK_COM;Turkestan SSR;Turkestan SSR;Turkestan SSR;Turkestan SSR;Turkestan SSR;Turkestan SSR;;Turkestan SSR;;;X
KAZ_COM;Kazakhstan SSR;Kazakhstan SSR;Kazakhstan SSR;Kazakhstan SSR;Kazakhstan SSR;Kazakhstan SSR;;Kazakhstan SSR;;;X
SIK44;East Turkestan;East Turkestan;East Turkestan;East Turkestan;East Turkestan;East Turkestan;;Òóðêåñòàí;;;X
RK_S;RK Schweiz;RK Schweiz;RK Schweiz;RK Schweiz;RK Schweiz;RK Schweiz;;Òóðêåñòàí;;;X
BCC;Baltic Confederation;RK Schweiz;RK Schweiz;RK Schweiz;RK Schweiz;RK Schweiz;;Òóðêåñòàí;;;X
;;;;;;;;;;;X
;;;;;;;;;;;X
#EOF;;;;;;;;;;;X
#EOF;;;;;;;;;;;X
